Author,Title,Attribute,Evaluation,Emulator/Simulator,Traffic generator,Traffic Class,Protocol,Volume,Temporal Pattern,Controllers,Topology,min_switches,max_switches,Topo_size,Min_nodes,Max_nodes,Nodes_size,Service Focus,Metrics,SB_Prot,AL,NBI,EWBI,Core,SBI,DP,Att. comp.,Svc comp.,Repr_ES,Repr_Int,Repeat tests,Demonstrable,Inferable,Verifiable,App_Dep,Mod_Dep,Hw_Dep,Prot_Dep,Provide Tool,Documentation,Ctrl_concern,Setup_concern,Wkl_concern,Attackload,Faultload,Classifiers,Comments
"Islam,Md. Tariqul;Islam,Nazrul;Refat,Md. Al",Node to Node Performance Evaluation through RyuSDN Controller,Performance,Emulation,Mininet,Iperf;Ping,Network Performance Traffic,TCP;ICMP,3,Variable,Ryu,Single,1,1,1,3,3,1,0;0;1;0;0;0;0;0;0,";;Throughput/time,RTT,Jitter,Packet loss;;;;;;",OF1.3,0,0,0,1,0,0,1,1,1,1,1,0,1,0,0,0,0,1,0,1,0,0,1,,,,
"Zhu,Liehuang;Karim,Md M.;Sharif,Kashif;Xu,Chang;Li,Fan;Du,Xiaojiang;Guizani,Mohsen",SDN Controllers: A Comprehensive Analysis and Performance Evaluation Study,Performance,Emulation,Cbench;PktBlaster;OFNet,Cbench;PktBlaster,Network Performance Traffic,TCP;UDP,3,Constant,Floodlight;POX;NOX;ODL;ONOS;Ryu;OpenMul;Beacon;Maestro,Fat-tree,2,128,3,128,8192,3,0;0;1;0;0;0;0;0;1,";;RTT;;;;;;Flow installation time/num_switches,Flow response rate/num_switches,Average OF messages/num_switches",OF1.0;OF1.3,0,0,0,1,1,0,1,1,1,1,1,0,1,0,0,0,0,1,0,0,0,1,1,,,,
"Badotra,Sumit;Panda,Surya Narayan",Evaluation and comparison of OpenDayLight and open networking operating system in software-defined networking,Performance,Emulation,Mininet,Iperf;Ping,Network Performance Traffic,TCP;UDP;ICMP,1,Variable,ONOS;ODL,Tree,13,13,2,27,27,2,0;0;1;0;0;0;0;0;0,";;Throughput/time,RTT,Burst rate,Bandwidth;;;;;",OF1.3,0,0,0,1,0,0,1,1,1,0,1,0,1,0,0,0,0,1,0,1,0,1,0,,,,
"Bhardwaj,Shanu;Panda,S. N.",Performance Evaluation Using RyuSDN Controller in Software-Defined Networking Environment,Performance,Emulation,Mininet,Iperf,Network Performance Traffic,TCP,3,Constant,Ryu,Single,1,1,1,4,4,1,0;0;1;0;0;0;0;0;0,";;Throughput/time,RTT;;;;;;",OF1.3,0,0,0,1,0,0,1,1,1,1,1,0,1,0,0,0,0,1,0,1,0,1,1,,,,
"Priya,A. Vishnu;Radhika,N.",Performance comparison of SDN OpenFlow controllers,Performance,Emulation,Mininet,D-ITG,Network Performance Traffic,TCP,1,Variable,NOX;POX;Ryu;Floodlight,Tree,3,3,1,6,6,1,0;0;1;0;0;0;0;0;0,";;Throughput/time,Delay,Jitter,Packet loss;;;;;;",OF1.0;OF1.3,0,0,0,1,0,0,1,1,1,1,1,0,0,0,0,0,0,1,0,0,0,0,1,,,,
"Amiri,Esmaeil;Alizadeh,Emad;Rezvani,Mohammad Hossein",Controller selection in software defined networks using best-worst multi-criteria decision-making,Performance;Features,Emulation,Cbench,Cbench,Network Performance Traffic,TCP,2,Constant,NOX;POX;Ryu;Beacon;Floodlight;ODL;ONOs,Single,2,16,2,1000,1000,3,1;0;0;0;0;0;0;0;0,"Throughput/num_switches,Latency/num_switches,Feature-based comparison,MCDM;;;;;;;;",OF1.0;OF1.3,0,0,0,1,0,0,1,1,1,1,1,0,0,0,0,0,0,1,0,0,0,0,1,,,,Selection methodology
"Swami,Rochak;Dave,Mayank;Ranga,Virender",Detection and Analysis of TCP-SYN DDoS Attack in Software-Defined Networking,Security,Emulation,Mininet,Scapy,Network Performance Traffic,TCP,3,Variable,Ryu,Single,1,1,1,4,4,1,1;0;0;1;0;0;0;0;0,"CPU Utilization;;;Recall,F-Measure,Precision,Accuracy,False Positive Rate;;;;;",OF1.3,1,0,0,1,0,0,1,1,1,1,1,0,1,0,1,0,0,1,0,0,0,1,1,TCP-SYN flooding with and without IP spoofing,,RF;LR;Decision Tree;AdaBoost;MLP,
"Arahunashi,Arun K.;Neethu,S.;Ravish Aradhya,H. V.",Performance Analysis of Various SDN Controllers in Mininet Emulator,Performance,Emulation,Mininet,Iperf;Ping,Network Performance Traffic,TCP,3,Constant,Ryu;ODL;Floodlight;ONOS,Linear;Tree;Mesh,1,50,2,1,256,3,0;0;1;0;0;0;0;0;0,";;Throughput/hosts,Average delay;;;;;;",OF1.3,0,0,0,1,0,0,1,1,1,1,1,0,0,0,0,0,0,1,0,1,0,0,0,,,,
"Li,Yanzhen;Guo,Xiaobo;Pang,Xue;Peng,Bo;Li,Xiaoyue;Zhang,Peiying",Performance Analysis of Floodlight and RyuSDN Controllers under Mininet Simulator,Performance,Emulation,Mininet,Qperf,Network Performance Traffic,TCP,1,Constant,Ryu;Floodlight,Single;Tree;Linear,1,7,1,2,8,1,0;0;1;0;0;0;0;0;0,";;Latency,Bandwidth;;;;;;",OF1.3,0,0,0,1,0,0,1,1,1,0,1,0,0,0,0,0,0,1,0,1,0,0,1,,,,
"Lunagariya,Dharmik;Goswami,Bhargavi",A Comparative Performance Analysis of Stellar SDN Controllers using Emulators,Performance,Emulation,Mininet,Iperf,Network Performance Traffic,TCP;UDP,1,Constant,Beacon;Floodlight;IRIS;ODL;ONOS;POX;Ryu,Tree,31,85,3,125,343,3,0;0;1;0;0;0;0;0;0,";;Throughput,Jitter,Latency;;;;;;",OF1.0;OF1.3,0,0,0,1,0,0,1,1,1,0,0,0,0,0,0,0,0,1,0,1,1,0,0,,,,
"Costa,Leonardo C.;Vieira,Alex B.;De Britto E Silva,Erik;Macedo,Daniel F.;Vieira,Luiz F.M.;Vieira,Marcos A.M.;Da Rocha Miranda,Manoel;Batista,Gabriel Fanelli;Polizer,Augusto Henrique;Gonçalves,André Vinícius Gomes Santos;Gomes,Geraldo;Correia,Luiz H.A.",OpenFlow data planes performance evaluation,Performance,Real Testbed,Not Apply,Ostinato;Iperf,Network Performance Traffic,TCP;UDP,3,Variable,ONOS;POX,Single,1,1,1,1,2,1,0;0;0;0;0;0;0;0;1,";;;;;;;;Delay to match IP,Delay exact match,Jitter for exact matches,Latency speedup vs legacy network,header rewrite time,flowstats/portstats delay/response_time,delay with single flow,delay/jitter with multi-flows/multi-tables",OF1.0;OF1.3,0,0,1,0,0,1,1,1,1,1,1,0,0,1,0,0,0,1,0,1,1,1,1,,,,
"Fan,Cong;Kaliyamurthy,Nitheesh Murugan;Chen,Shi;Jiang,He;Zhou,Yiwen;Campbell,Carlene",Detection of DDoS Attacks in Software Defined Networking Using Entropy,Security,Emulation,Mininet,Scapy,Network Performance Traffic,TCP,1,Constant,POX,Mesh,3,3,1,9,9,1,0;0;0;1;0;0;0;0;0,;;;Fusion entropy of Normal and Attack Scenario;;;;;,OF1.0;OF1.3,1,0,0,1,0,0,1,1,1,0,1,0,0,0,1,0,0,1,0,0,1,0,0,Forged Source IP Packets mixed with real traffic,,Fusion Entropy,
"Tok,Mevlut Serkan;Demirci,Mehmet",Security analysis of SDN controller-based DHCP services and attack mitigation with DHCPguard,Security,Emulation,Mininet;GNS3,Iperf,Network Performance Traffic,UDP,1,Constant,POX;Floodlight;ONOS,Single;Tree,1,30,2,4,32,2,1;1;1;1;0;0;0;0;0,"CPU Usage;Side effects on GUI and topology state;Throughput,Packet loss,Connection availability;DHCP service availability,IP address pool availability;;;;;",OF1.0;OF1.3,1,0,0,1,0,0,1,1,1,1,1,0,0,0,0,0,0,0,0,1,1,1,1,,,,
"Hasan,Muhamad;Dahshan,Hisham;Abdelwanees,Essam;Elmoghazy,Aly",SDN Mininet Emulator Benchmarking and Result Analysis,Performance,Emulation,Mininet,Iperf,Network Performance Traffic,TCP;UDP,2,Variable,Floodlight,Mesh,3,3,1,4,4,1,0;0;1;0;0;0;0;0;0,";;Throughput,Data Lost;;;;;;",OF1.3,0,0,0,1,0,0,0,1,1,1,1,0,0,0,0,0,0,0,0,0,0,0,0,,,,
"Babbar,Himanshi;Rani,Shalli",Performance Evaluation of QoS metrics in Software Defined Networking using RyuController,Performance,Emulation,Mininet,Iperf,Network Performance Traffic,TCP;UDP,1,Constant,Ryu,Tree,4,4,1,9,9,1,0;0;1;0;0;0;0;0;0,";;RTT,bandwidth;;;;;;",OF1.3,0,0,0,1,0,0,1,0,1,1,1,0,0,0,0,0,0,1,0,1,0,0,0,,,,The mentioned goal is 'to determine performance QoS' but results are not meaningful in this sense
"Shirvar,Arash;Goswami,Bhargavi",Performance Comparison of Software-Defined Network Controllers,Performance;Scalability,Emulation,Mininet,Iperf,Network Performance Traffic,TCP;UDP,2,Constant,POX;RYU;Beacon;Floodlight;ODL;ONOS;OpenMUL,Tree;Star,1,156,3,20,625,3,1;0;1;0;0;0;0;0;0,"Impact of number of threads in Total Throughput;;Throughput/num+switches,Latency/Num_switches;;;;;;",OF1.3,0,0,0,1,0,0,1,1,1,0,1,0,0,0,0,0,0,1,0,1,1,1,0,,,,
"Midha,Sugandhi;Tripathi,Khushboo;Sharma,M.K.",Practical Implications of Using Dockers on Virtualized SDN,Performance,Virtualization,Not Apply,Iperf;Ping,Network Performance Traffic,TCP;UDP,2,Constant,Not mentioned,Not apply,0,0,1,0,0,1,0;0;0;0;0;0;0;1;0,";;;;;;;CPU Usage,Memory Usage,Boot-up latency,scaling up for docker vs VM,Throughput,RTT,Latency for docker vs VM;",OF1.3,0,0,0,1,0,0,1,1,1,1,1,0,0,0,0,0,1,1,0,0,0,1,1,,,,
"Gautam,Yubaraj;Gautam,Bishnu Prasad;Sato,Kazuhiko",Experimental Security Analysis of SDN Network by Using Packet Sniffing and Spoofing Technique on POX and RyuController,Security,Emulation,Mininet,Ping,Network Performance Traffic,TCP;ICMP,1,Constant,POX;Ryu,Single,1,1,1,4,4,1,0;0;0;1;0;0;0;0;0,;;;Allowed/Denied packets;;;;;,OF1.0;OF1.3,1,0,0,1,0,0,0,0,1,1,0,0,0,0,1,0,0,0,0,1,0,1,0,TCP/ICMP Flooding attack,,,
Sumit Badotra;Surya Narayan Panda,Experimental comparison and evaluation of various OpenFlow software defined networking controllers,Performance,Emulation,Mininet,Ping,Network Performance Traffic,ICMP,1,Constant,POX;Ryu;Floodlight;ONOs;Trema;ODL,Single;Linear;Tree,1,2,1,10,1024,3,0;0;1;0;0;0;0;0;0,;;RTT;;;;;;,OF1.0;OF1.3,0,0,0,1,0,0,0,0,1,1,1,0,1,1,0,0,0,0,0,0,0,1,0,,,,
"Monika,Putri;Negara,Ridha Muldina;Sanjoyo,Danu Dwi",Performance analysis of software defined network using intent monitor and reroute method on ONOS controller,Performance,Emulation,Mininet,Iperf;D-ITG,Network Performance Traffic,UDP,1,Constant,ONOS,Mesh,8,12,2,0,0,1,0;0;1;0;0;1;0;0;0,";;Delay,Jitter,Throughput,Packet Loss;;;Bandwidth usage,transfer rate,jitter;;;",OF1.3,1,0,0,1,0,0,1,1,1,1,1,0,0,0,1,1,0,1,0,0,1,1,0,,,,
"Alashhab,Abdussalam Ahmed;Soperi Mohd Zahid,Mohd;Barka,Ali Ahmed;Albaboh,Abobaker M",Experimenting and evaluating the impact of DoS attacks on different SDN controllers,Security,Emulation,Mininet,Hping3,Network Performance Traffic,ICMP,1,Constant,Floodlight;Ryu;POX,Single,1,1,1,2,2,1,0;0;0;1;0;0;0;0;0,;;;Recovery rate (time to recover from a DoS attack);;;;;,OF1.0;OF1.3,0,0,0,1,0,0,1,1,1,1,0,0,0,0,0,0,0,1,0,0,1,0,1,ICMP Flooding Attack,,,
"Cabarkapa,D.;Rancic,D.",Performance Analysis of Ryu-POX Controller in Different Tree-Based SDN Topologies,Performance,Emulation,Mininet,Iperf,Network Performance Traffic,TCP,3,Constant,Ryu;POX,Tree;Fat-tree,4,12,2,7,32,2,0;0;1;0;0;0;0;0;0,";;RTT,Throughput;;;;;;",OF1.0;OF1.3,0,0,0,1,0,0,1,1,1,1,1,0,0,0,0,0,0,1,0,1,1,1,1,,,,
"Silva,João Batista;Silva,Felipe S. Dantas;Neto,Emídio P.;Lemos,Marcilio;Neto,Augusto",Benchmarking of mainstream SDN controllers over open off‐the‐shelf software‐switches,Performance,Emulation/Real Testbed,Mininet,Iperf,Network Performance Traffic,TCP,2,Constant,ONOS;Floodlight;Ryu,Leaf-spine,32,256,3,2,2,1,0;1;1;0;0;0;0;0;0,;Network topology discovery time;Throughput;;;;;;,OF1.3,0,0,0,1,0,1,1,1,1,1,1,0,0,0,0,0,1,1,0,0,1,1,1,,,,
"Abdullah,Ahmed F;Salem,Fatty M;Tammam,Ashraf;Abdel Azeem,Mohamed H",Performance Analysis and Evaluation of Software Defined Networking Controllers against Denial of Service Attacks,Performance;Security,Emulation,Mininet,Iperf;Hping3;Jperf,Network Performance Traffic,TCP;UDP,1,Constant,POX;ODL;Ryu,Linear,2,2,1,6,6,1,0;0;1;1;0;0;0;0;0,";;TCP Bandwidth,UDP Jitter;TCP BW over one and two attacks,UDP Jitter over attack;;;;;",OF1.0;OF1.3,0,0,0,1,0,0,1,1,1,1,1,0,0,1,0,0,0,1,0,0,0,0,1,ICMP Flooding Attack,,,
"Zhang,Yinjun;Chen,Mengji",Performance evaluation of Software-Defined Network (SDN) controllers using Dijkstra’s algorithm,Performance,Emulation,Mininet,Iperf;Ping,Network Performance Traffic,TCP;UDP,3,Constant,Ryu;POX,Not provided,0,0,1,0,0,1,0;0;1;0;0;0;0;0;0,";;Throughput,PDR,Jitter,Packet loss;;;;;;",OF1.0;OF1.3,1,0,0,1,0,0,1,1,0,0,1,0,0,0,0,1,0,1,0,0,0,0,1,,,,
"Ali,Jehad;Roh,Byeong-hee",A Novel Scheme for Controller Selection in Software-Defined Internet-of-Things (SD-IoT),Performance,Emulation,Mininet,Cbench;D-ITG,Network Performance Traffic,TCP,1,Constant,Floodlight;Ryu;POX;ODL;Trema;ONOS,Custom,1,1,1,1,500,3,1;0;1;0;0;0;1;0;0,"CPU Usage;;Throughput,Delay;;;;Recovery latency;;",OF1.0;OF1.3,0,0,0,1,0,0,1,1,1,1,1,0,0,0,0,0,0,1,0,0,0,0,1,,,,Selection methodology
"Bhavsar,Vidhi;Sahrial,Chairunnisa;Goswami,Bhargavi",Security and Performance Evaluation of Software Defined Network Controllers Against Distributed Denial of Service Attack,Performance;Security,Emulation,Mininet,Iperf,Network Performance Traffic,TCP,3,Constant,Floodlight;Beacon;ODL;ONOS;POX;Ryu,Linear,5,5,1,50,50,2,1;0;1;0;0;0;0;0;0,"Average CPU Process/System before-during-after DDoS Attack,Average Memory Performance before-during-after DDoS Attack,Bitrate;;Throughput,Jitter,Latency,Congestion Window;;;;;;",OF1.0;OF1.3,0,0,0,1,0,0,1,1,1,0,0,0,0,0,0,0,0,1,0,1,0,1,0,Not clear,,,
"Durkadevi,K.;Revathi,T.;Shenbagalakshmi,G.",Generic Method for SDN Controller Selection Using AHP and TOPSIS Methods,Performance;Features,Emulation,Mininet;CBench,CBench;D-ITG,Network Performance Traffic,TCP,3,Constant,Floodlight;Beacon;Trema;OpenMUL;POX;NOX;Ryu,Linear;Mesh,1,256,3,1,10000,3,0;0;1;0;1;0;0;0;1,";;ARP Request/Response Delay with and without traffic;;Path discovery delay with or without traffic;;;;Latency,Throughput over number switches,hosts and threads",OF1.0;OF1.3,0,0,0,1,0,0,1,1,1,1,1,0,0,0,1,0,0,1,0,1,0,1,1,,,,Selection methodology
"Wang,Xiong;Yang,Yukun;Liu,Hanyu;Ren,Jing;Xu,Shizhong;Wang,Sheng;Yu,Shui",Efficient measurement of round-trip link delays in software-defined networks,Performance,Modelling;Emulation,Mininet,Realistic Trace,Internet backbone traffic,TCP,2,Variable,Floodlight,Mesh,6,6,1,6,6,1,0;0;1;0;0;0;0;0;0,;;RTT delay;;;;;;,OF1.3,0,0,0,1,0,0,1,1,1,1,1,0,0,0,0,0,0,1,0,0,0,1,1,,,,
"Alssaheli,Omran M. A.;Abidin,Z. Zainal;Zakaria,N. A.;Abas,Z. Abal",Software Defined Network based Load Balancing for Network Performance Evaluation,Performance,Emulation,Mininet,Not mentioned,Not mentioned,TCP;UDP,1,Variable,Pox,Single,1,1,1,6,12,2,0;0;1;0;0;1;0;0;0,";;delay,jitter;;;Throughput;;;",OF1.0,1,0,0,1,0,0,1,1,1,1,1,0,0,0,1,0,0,1,0,0,0,1,1,,,,
"Mohsin,Mayadah A.;Hamad,Ali H.",Performance Evaluation of SDN DDoS Attack Detection and Mitigation Based Random Forest and K-Nearest Neighbors Machine Learning Algorithms,Performance;Security,Emulation,Mininet,Ping;Hping3,Network Performance Traffic,ICMP,1,Constant,Ryu,Single;Linear,1,8,1,64,64,3,0;0;0;1;0;0;0;0;0,";;;Accuracy of detection,Detection time,Mitigation Time,Packet rate during attack over target and controller;;;;;",OF1.3,0,0,0,1,0,0,1,1,1,1,1,0,0,0,1,0,0,1,0,0,0,1,1,ICMP Flooding Attack,,RF;KNN,
"Latah,Majd;Toker,Levent",Load and stress testing for SDN’s northbound API,Dependability,Emulation,Mininet,JMeter;scapy,Network Performance Traffic,Not mentioned,1,Variable,POX;Ryu;Floodlight;ODL;ONOS,Linear,1,1,1,3,3,1,0;0;0;0;0;0;1;0;0,";;;;;;Load test,Stress test,requests/sec vs number of vCPU,Type of failures from stress test;;",OF1.0;OF1.3,1,1,0,1,0,0,1,1,1,1,1,0,1,1,0,0,0,1,1,1,0,1,1,DoS/DDoS attack over interface,Unexpected workload,,
"Ruslan,Rafiza;Othman,Nur'Aqila Balqis;Fuzi,Mohd.Faris Mohd.;Ghazali,Norlizawati",Scalability Analysis in Mininet on Software Defined Network using ONOS,Performance;Scalability,Emulation,Mininet,Iperf;Ping,Network Performance Traffic,TCP;ICMP,3,Variable,ONOS,Single;Mesh,1,6,1,50,250,3,0;0;1;0;0;0;0;0;0,";;Average throughput,Average latency;;;;;;",OF1.3,0,0,0,1,0,0,1,1,1,1,1,0,0,0,0,0,0,1,0,1,0,1,1,,,,
"P.,Senthil;Kavin,Balasubramanian Prabhu;Srividhya,S. R.;V.,Ramachandran;C.,Kavitha;Lai,Wen-Cheng",Performance Evaluation of Stateful Firewall-Enabled SDN with Flow-Based Scheduling for Distributed Controllers,Performance,Emulation,Mininet,Iperf,Web;File transfer,FTP;HTTP,1,Constant,POX,Leaf-spine,5,15,2,6,18,2,1;0;1;0;0;0;0;0;0,"Average Network overhead;;Average throughput,Average delay;;;;;;",OF1.0,0,0,0,1,0,0,1,0,1,0,1,0,0,0,1,0,0,1,0,0,0,1,0,,,,
"Paing,Aye Myat Myat",Analysis of Availability Model Based on Software Aging in SDN Controllers with Rejuvenation,Availability,Modelling,Not Apply,Not apply,Not apply,Not apply,1,Not apply,ONOS,Leaf-spine,14,14,2,0,0,1,0;0;0;0;0;0;1;0;0,";;;;;;Availability vs mean time to software aging failure with two or three controllers in cluster,Availability vs mean time to software aging failure with two or three times/month of rejuvenation interval,Availability vs mean time to software aging failure with 6 or 12 hours of Mean Time Between Inspections,Downtime vs Mean time to software aging failure with two or three controllers in cluster,Downtime vs Mean time to software aging failure with two or three controllers in cluster with two or three times/month of rejuvenation interval,Downtime vs Mean time to software aging failure with 6 or 12 hours of Mean Time Between Inspections;;",OF1.3,0,0,0,1,0,0,1,1,1,1,1,0,0,1,1,0,0,0,0,0,0,0,0,,Node failures by software aging,,
"Uddin,Ryhan;Monir,Md Fahad",Evaluation of Four SDN Controllers with Firewall Modules,Performance,Emulation,Mininet,Ping;Iperf,Network Performance Traffic,TCP;UDP;ICMP,3,Variable,POX;ODL;Floodlight;Ryu,Single,1,1,1,4,4,1,0;0;1;0;0;0;0;0;0,";;Bandwidth,Average packet loss,Average jitter;;;;;;",OF1.0;OF1.3,1,0,0,1,0,0,1,0,1,1,1,0,0,1,1,0,0,1,0,1,1,1,1,,,,
"Dawadi,Babu;Thapa,Abhishek;Guragain,Roshan;Karki,Dilochan;Upadhaya,Sandesh;Joshi,Shashidhar",Routing Performance Evaluation of a Multi-Domain Hybrid SDN for Its Implementation in Carrier Grade ISP Networks,Performance,Emulation,Mininet;Quagga,D-ITG;Iperf;Ping,Network Performance Traffic,TCP;UDP;ICMP,3,Variable,ONOS,Mesh,14,14,2,20,20,2,0;0;0;0;1;0;0;0;0,";;;;Packet transmission time in legacy vs SDN network,RTT in legacy vs SDN,Routes Learning time for SDN vs legacy,Bandwidth capacity;;;;",OF1.3,1,0,1,1,0,0,1,1,1,1,1,1,1,1,1,1,0,1,0,1,1,1,1,,,,Great work with good metrics to evaluate feasibility of SDN in ISP networks
"Linhares,Tiago;Patel,Ahmed;Barros,Ana Luiza;Fernandez,Marcial",SDNTruth: Innovative DDoS Detection Scheme for Software-Defined Networks (SDN),Security,Emulation,Mininet,TCPReplay,Web,HTTP,2,Variable,Floodlight,Linear,3,3,1,6,6,1,0;0;0;1;0;0;0;0;0,;;;Accuracy to recognize DoS attacks;;;;;,OF1.3,0,0,0,1,0,0,1,1,1,1,1,0,0,1,1,0,0,1,0,1,0,1,1,"DNS,NTP,CLDAP,UDP,CHARGEN,SYN,SSDP,and ACK attacks",,,
"Gaur,Puru;Tandon,Amish;Goyal,Nupur;Chandwani,Gitanjali;Ram,Mangey",An Analysis of Hierarchical Software-Defined Network Control Plane: A Reliability Approach,Reliability,Modelling,Not Apply,Not apply,Not apply,Not apply,1,Not apply,None,Not mentioned,0,0,1,0,0,1,0;0;0;0;0;0;1;0;0,";;;;;;Estimated availability over time,Estimated reliability over time,Estimated MTTF over failure rates,expected profit;;",Not apply,0,0,0,1,0,0,1,1,0,0,1,0,0,0,0,0,0,0,0,1,0,0,0,,Network partial/complete failures;controller failures;client failures,,
"Gray,Nicholas;Dietz,Katharina;Hossfeld,Tobias",Simulative Evaluation of KPIs in SDN for Topology Classification and Performance Prediction Models,Performance,Emulation,OMNet++,OMNet++,Internet backbone traffic,TCP,3,Variable,Kandoo;Hyperflow,Fat-tree;Mesh,25,40,2,0,0,1,1;1;1;0;0;0;0;0;1,"Cluster synchronization traffic,control plane traffic;Impact of 9 topology features over 4 metrics;RTT;;;;;;Flow table hit-to-miss ratio",Not apply,0,0,0,1,0,1,1,1,1,1,1,0,1,0,0,1,0,1,0,1,1,1,1,,,,
"Singh,Avtar;Kaur,Navjot;Kaur,Harpreet",Extensive performance analysis of OpenDayLight (ODL) and Open Network Operating System (ONOS) SDN controllers,Performance,Emulation,Mininet,Iperf;Ping,Network Performance Traffic,TCP;ICMP;UDP,3,Variable,ONOS;ODL,Tree,82,82,3,256,256,3,0;0;1;0;0;0;0;0;1,";;TCP Bandwidth,UDP Bandwidth,Jitter,Burst rate,Throughput,Goodput,TCP Steven Graph Transmission rate ;;;;;;Average time request/reply for flow stat,table stat,port stat",OF1.3,0,0,0,1,0,1,1,1,1,1,1,0,1,0,0,0,0,1,0,1,0,0,1,,,,
"Naing,May Thae;Khaing,Thiri Thitsar;Maw,Aung Htein",Evaluation of TCP and UDP Traffic over Software-Defined Networking,Performance,Emulation,Mininet,Iperf,Network Performance Traffic,TCP;UDP,1,Constant,ONOS,Single;Linear;Tree,1,12,2,12,12,2,0;0;1;0;0;0;0;0;0,";;TCP Bandwidth,UDP Bandwidth,Jitter,Burst rate,Throughput,Goodput,TCP Steven Graph Transmission rate;;;;;;",OF1.3,0,0,0,1,0,0,1,1,1,1,1,0,0,0,0,0,0,1,0,1,0,0,1,,,,
"Xie,Junjie;Guo,Deke;Qian,Chen;Liu,Lei;Ren,Bangbang;Chen,Honghui",Validation of Distributed SDN Control Plane Under Uncertain Failures,Dependability,Real Testbed;Simulation,Cbench,Realistic Trace,Internet backbone traffic,TCP,3,Variable,ONOS,Mesh;Fat-Tree,11,320,3,0,0,1,1;0;0;0;0;0;1;0;1,"Maximum Controller Utilization with 0-3 failures over time (3-4 controllers) and over num_controllers (3-10;8-19),Highest MCU across all failures scenario;;;;;;Total running time with 1-2 failures,MCU in the failed controller and failure scenarios;;Flow requests attended/num_switches,Processing time of flow requests",OF1.4,0,0,1,1,0,1,1,1,1,1,1,1,1,0,0,1,0,1,0,0,0,1,1,,Failure of 1 or more controllers in a cluster;Link failures,,
"Al-Mustansiriyah University/College of Engineering/ Computer Engineering Department,Baghdad,10001,Iraq;Z. Abdullah,Mahmood;A. Al-awad,Nasir;W. Hussein,Fatima",Evaluating and Comparing the Performance of Using Multiple Controllers in Software Defined Networks,Performance,Emulation,Mininet,Iperf;Ping,Network Performance Traffic,TCP;ICMP;UDP,3,Constant,ONOS;POX;Ryu;ODL,Linear,2,128,3,128,128,3,0;0;1;0;0;0;0;0;0,";;Throughput,Jitter,RTT for num_switches for varying switches and controllers;;;;;;",OF1.3;OF1.0,0,0,1,1,0,0,1,0,1,0,1,0,0,0,0,0,0,1,0,0,0,0,1,,,,
"T.Bah,Mamadou;Azzouni,A.;Nguyen,M.T.;Pujolle,Guy",Topology Discovery Performance Evaluation of OpenDaylight and ONOS Controllers,Performance;Dependability,Emulation,Mininet,Iperf;Cbench,Network Performance Traffic,LLDP;TCP,3,Constant,ODL;ONOS,Tree,63,255,3,0,0,1,1;1;0;0;0;0;1;0;1,"Control data measurement for topology discovery,inter-controller traffic measurement;Topology discovery time in single mode and cluster mode;;;;;Network downtime in case of topology change in single mode;;Attended flows request per second (throughput)",OF1.3,0,0,1,1,0,1,1,1,1,1,1,1,0,0,0,0,0,1,0,1,0,1,1,,Topology change,,
"Ravuri,Hemanth Kumar;Vega,Maria Torres;Wauters,Tim;Da,Bin;Clemm,Alexander;De Turck,Filip",An Experimental Evaluation of Flow Setup Latency in Distributed Software Defined Networks,Performance,Emulation,Mininet,Ping,Network Performance Traffic,ICMP,1,Constant,Floodlight;ONOS;DAIM;Kandoo,Mesh,9,9,1,2,2,1,0;0;0;0;0;0;0;0;1,";;;;;;;;Time taken to find MAC address,control plane latency,data plane latency,Avg flow setup latency,average time to find MAC",OF1.3,0,0,0,1,0,1,1,1,1,1,1,1,0,0,0,0,0,1,0,1,0,0,1,,,,
"AlShehri,Mohammed Abdul Rahman;Mishra,Shailendra",Feature Based Comparison and Selection of SDN Controller,Features,MCDM,Not Apply,Not apply,Not apply,Not apply,1,Not apply,POX;NOX;Ryu;Trema;Floodlight;ODL,Not apply,0,0,1,0,0,1,0;0;0;0;0;0;0;0;0,;;;;;;;;,Not apply,0,0,0,0,0,0,0,0,0,0,0,0,0,0,0,0,0,0,0,0,0,0,0,,,,AHP
"Tello,Alvaro Mauricio Diaz;Abolhasan,Mehran",SDN Controllers Scalability and Performance Study,Performance;Scalability,Emulation,Mininet;Cbench,Cbench,Network Performance Traffic,TCP,3,Variable,POX;ODL;ONOS;Ryu;Floodlight;OpenMUL,Linear;Tree;Leaf-Spine,6,500,3,1000,1000,3,0;1;0;0;1;0;0;0;1,";Network change topology detection time,Network discovery time,Network discovery size,Link discovery time;;;Reactive path provisioning time,reac;;;;Asynchronous message processing time,Asynchronous message processing rate",OF1.3;OF1.0,0,0,0,1,0,1,1,1,1,1,1,0,0,0,0,1,0,1,0,1,1,1,1,,,,Good work
"Blenk,Andreas;Basta,Arsany;Kellerer,Wolfgang;Schmid,Stefan",On the Impact of the Network Hypervisor on Virtual Network Performance,Performance,Emulation,Perfbench,Perfbench,Network Performance Traffic,UDP,3,Variable,Emulated Controller,Linear,5,100,3,10000,10000,3,0;0;0;0;0;0;0;1;0,";;;;;;;Hypervisor overhead to process ofpt_packet_in vs no hypervisor,Impact of the TCP_NODELAY settings on the control plane latency of OFPT_FLOW_MOD messages for 1-30k message rates for FV and OVX,performance,OFPT_FLOW_MOD,multi-tenants vs. single tenant (baseline),performance (control latency and cpu utilization of hypervisor) OFPT_PACKET_IN multi-switches (5:20) vs. single switch (baseline);",Not apply,0,0,0,1,0,1,1,1,1,1,1,1,0,1,0,0,0,1,1,1,0,1,1,,,,Tool provider 
"Al Mtawa,Y.;Memari,A.;Haque,A.;Lutfiyya,H.",Evaluating QoS in SDN-Based EPC: A Comparative Analysis,Performance,Emulation,Mininet,Iperf;Ping,Network Performance Traffic,UDP;ICMP,1,Variable,Floodlight,3-Tier,1,14,2,8,8,1,0;0;1;0;0;0;0;0;0,";;Latency,Jitter,Packet loss for SDN vc Legacy network;;;;;;",OF1.3,0,0,0,1,0,0,1,1,1,1,1,0,1,0,0,0,0,1,0,1,0,1,1,,,,
"Martinez-Yelmo,Isaias;Alvarez-Horcajo,Joaquin;Briso-Montiano,Miguel;Lopez-Pajares,Diego;Rojas,Elisa",ARP-P4: deep analysis of a hybrid SDN ARP-Path/P4Runtime switch,Performance,Emulation,Mininet,Realistic Trace,Mouse-Rabbit-Elephant flows,HTTP,1,Variable,ONOS,Leaf-Spine,4,8,1,80,80,3,0;0;1;0;0;0;0;0;1,;;Throughput for 3 traffic classes with/without P4-Runtime;;;;;;Flow completion time for 3 traffic classes with/without P4-Runtime,P4,0,0,0,1,1,1,1,1,1,1,1,1,0,0,0,1,0,1,0,1,1,1,1,,,,Good work
"Nikoue,Jean Claude;Butakov,Sergey;Malik,Yasir",Security Evaluation Methodology for Software Defined Network Solutions,Security,Emulation,Mininet,Not mentioned,Not mentioned,Not mentioned,1,Variable,ODL;ONOS;Floodlight;Ryu,Linear,4,4,1,2,2,1,0;0;0;1;0;0;0;0;0,";;;existence of FIPS compliant authentication process,encrypted northbound layer traffic,prevention for flow rule insertion,logs transactions at NBI,reaction to DoS attack,encryption of SB communication,Data Plane authentication;;;;;",OF1.3,1,1,0,1,1,1,1,1,1,1,1,0,0,0,0,1,0,1,0,0,0,1,0,DoS Attack,,,
"Hassan,Ahmed Hassan M.;Alhassan,Ahmed M.;Izzeldean,Fathia",Performance Evaluation of SDN Controllers in Ofnet Emulation Environment,Performance,Emulation,OFNet,OFNet,Network Performance Traffic,Not mentioned,1,Constant,Floodlight;ODL,Tree,7,7,1,0,0,1,1;0;0;0;0;0;0;0;1,"OF messages to/from controller,CPU utilisation;;;;;;;;Flow setup latency,flow miss to controller,new flow generation",OF1.3,0,0,0,1,1,1,1,1,1,1,1,0,0,0,0,0,0,1,0,0,0,1,1,,,,
"Chaipet,Soranad;Putthividhya,Wanida",On Studying of Scalability in Single-Controller Software-Defined Networks,Performance;Scalability,Emulation,Mininet,Ping,Network Performance Traffic,ICMP,1,Variable,ONOS;ODL,Tree,25,100,3,1000,1000,3,0;0;1;0;0;0;0;0;0,";;Successful transmission rate,Throughput,delay over num_hosts num_switches and variable transmission rate;;;;;;",OF1.3,0,0,0,1,0,0,1,1,1,1,1,0,1,0,0,0,0,1,0,1,0,1,1,,,,
"Sakari,M A I M;Yaakob,N;Amir,A;Ahmad,R B;Warip,M N M;Ibrahim,Z",Performance analysis of Software Defined Network (SDN) in link failure scenario,Dependability;Performance,Emulation,Mininet,Ping,Network Performance Traffic,ICMP,1,Constant,Ryu,Single;Linear;Triangle;Fat-tree,3,22,2,16,16,2,0;0;1;0;0;0;1;0;0,";;Average RTT,Throughput;;;;Throughput no link down and with link down,RTT no link down and with link down;;",OF1.3,0,0,0,1,0,0,0,0,1,0,1,0,0,0,0,0,0,1,0,0,0,1,0,,Link failures,,
"Soto-Cordova,Martin M.;Chavez-Hidalgo,Gabriela;Niquen-Ortega,Roel",Approach of Performance Analysis for Controllers of Software Defined Networking,Performance;Scalability,Emulation,Mininet,Iperf;Ping,Network Performance Traffic,UDP;ICMP,2,Variable,Floodlight;POX;ODL,Tree;Star;Linear,1,40,2,40,40,2,1;0;1;0;0;0;0;0;0,"Bandwidth used;;Delay,Jitter,Packet loss;;;;;;",OF1.3;OF1.0,0,0,0,1,0,0,1,1,1,1,1,0,0,0,0,0,0,1,0,1,0,1,1,,,,
"Elmoslemany,Mohamed M.;Eldien,Adly S. Tag;M.Selim,Mazen",Performance Analysis in Software Defined Network Controllers,Performance;Scalability,Emulation,Cbench,Cbench,Network Performance Traffic,TCP,3,Variable,Ryu;POX;ONOS;ODL,Single,1,32,2,1,100000000,3,0;0;0;0;0;0;0;0;1,;;;;;;;;Flow latency;Flow throughput,OF1.3;OF1.0,0,0,0,1,0,1,1,1,1,1,1,0,0,0,0,0,0,1,0,1,0,0,1,,,,
"Saritakumar,N;srinivasan,Adarsh;Albert,Elfreda;Rani,Subha",Performance Evaluation of Pox Controller for Software Defined Networks,Performance;Scalability,Emulation,Mininet,D-ITG;Iperf,Network Performance Traffic,TCP,1,Variable,POX,Linear,10,10,1,11,11,2,1;0;1;0;0;0;0;0;0,"Bandwidth,CPU Load allocation vs Received bits per sec;;Packet loss vs packet size;;;;;;",OF1.0,0,0,0,1,0,0,1,1,0,1,1,0,0,0,0,0,0,1,0,0,0,0,1,,,,
"Dagli,Mehmet;Keskin,Selcuk;Yigit,Yagmur;Kose,Adem",Resiliency Analysis of ONOS and Opendaylight SDN Controllers Against Switch and Link Failures,Resiliency,Emulation,Mininet,Iperf,Network Performance Traffic,TCP;UDP,3,Constant,ONOS;ODL,Torus,9,121,3,2,2,1,0;0;0;0;0;0;1;0;0,";;;;;;Recovery time by link failure,Recovery time by switch failure;;",OF1.3,0,0,0,1,0,0,1,1,1,1,1,0,0,0,0,0,0,0,0,1,0,0,1,,Switch failures;Link failures,,
"Ibrahim Hussein,Samaa Adel;Zaki,Fayez Wanis;Ashour,Mohammed M.",Performance evaluation of software‐defined wide area network based on queueing theory,Performance,Emulation,EVE-NG,Java Modelling,Internet backbone traffic,Not apply,3,Variable,CISCO SD-WAN,Mesh,3,3,1,0,0,1,1;0;1;0;0;0;0;0;0,"System utilization ;;System Queue time,System throughput,Average response time;;;;;;",OF1.3,0,0,0,1,0,0,1,1,1,1,1,1,0,0,1,1,0,0,0,1,0,0,1,,,,
"Monakhov,Yuri;Kuznetsova,Anna;Mamaev,Denis",An Approach for Managing Availability in Software Defined Network Infrastructure,Availability,Emulation,Mininet,Ping,Network Performance Traffic,ICMP,3,Variable,ONOS,3-Tier,21,21,2,20,210,3,1;0;0;0;0;0;0;0;0,Availability per connections;;;;;;;;,OF1.3,0,0,0,1,0,0,0,0,1,1,1,0,0,0,0,0,0,1,0,0,0,1,1,,,,"Within this article,network availability [6] is the probability that,given a static network topology,certain characteristics (network connectivity,bandwidth,etc.) will be maintained at an acceptable level,ensuring the performance of network services with quality not worse than specified. Here by quality we mean the percentage of tasks performed within a time,not exceeding the directive time."
"Ganesan,Nithya;ShubhamAggarwal;Thangaraju,B.",Performance Analysis of SDN controllers within an OpenStack infrastructure,Performance,Emulation,Mininet,Ping;Cbench;OFNet,Network Performance Traffic,TCP,1,Variable,ODL;OpenKilda,Linear;Tree,25,150,3,25,150,3,1;1;1;0;0;0;0;0;0,"CPU Utilization;Topology change detection;Throughput,RTT,Latency;;;;;;",OF1.3,0,0,0,1,0,0,1,1,1,1,1,0,0,0,0,0,1,1,0,1,1,1,1,,,,Cites RFC8456
"Kareem,Mohammed Ibrahim;Jasim,Mahdi Nsaif;Hussein,Hussein Ibrahim;Ibrahim,Karrar",Performance evaluation of Ryucontroller under distributed denial of service attacks,Performance;Security,Emulation,Mininet,Scapy;Ping,Network Performance Traffic,ICMP;UDP,1,Variable,Ryu,Tree,5,5,1,8,8,1,1;0;1;0;0;0;0;0;0,"CPU Utilization before attack,CPU Utilization during attack,RAM Utilization before attack,RAM Utilization during attack,Network Utilization before attack,Network Utilization during attack;;Latency before attack,latency during attack;;;;;;",OF1.3,0,0,0,1,0,0,1,1,1,1,1,0,0,0,0,0,0,1,0,0,0,1,0,Packet flooding,,,
"Zaher,Maiass;Molnár,Sándor",A Comparative and Analytical Study for Choosing the Best Suited SDN Network Operating System for Cloud Data Center,Features,MCDM,Not Apply,Not apply,Not apply,Not apply,1,Not apply,POX;ONOS;ODL;Ryu;Floodlight;Tungsten,,0,0,1,0,0,1,0;0;0;0;0;0;0;0;0,;;;;;;;;,OF1.3;OF1.0,0,0,0,0,0,0,0,0,0,0,0,0,0,0,0,0,0,0,0,0,0,0,0,,,,AHP
"Ruchel,Lucas V.;Turchetti,Rogério C.;De Camargo,Edson T.",Evaluation of the robustness of SDN controllers ONOS and ODL,Robustness,Emulation,Mininet,Netperf,Network Performance Traffic,TCP;UDP,3,Constant,ONOS;ODL,Tree,6,6,1,2,2,1,0;0;1;0;0;0;0;0;1,";;Throughput with a single alternate path for UDP and TCP,Throughput without alternate paths for TCP and UDP,Throughput with two alternate paths for TCP and UDP,Throughput for ODL in Proactive Mode,Throughput with switch failures;;;;;;Latency for installing flows,Throughput of OF rules,Time for rules synchronization after controller fail",OF1.3,0,0,0,1,1,1,1,1,1,1,1,1,0,1,0,0,0,1,0,1,1,1,1,,Switch failures;Link Failures;Controller Failures,,Good Work
"Arif Kamarudin,Fathul;Megat Mohamed Noor,Megat Norulazmi;Ali,Fuead",A comparative study for bandwidth on demand using ONOS reactive and intent forwarding,Performance,Emulation,Mininet,Iperf,Network Performance Traffic,TCP,1,Constant,ONOS,Linear;Mesh,3,3,1,9,9,1,0;0;1;0;1;0;0;0;0,";;Throughput,RTT,Packet duplication;;Setup time of paths,Teardown;;;;",OF1.3,0,0,0,1,0,1,1,1,1,1,1,0,1,0,0,1,0,1,0,1,1,1,0,,,,
"Salam,Rakesh;Bhattacharya,Ansuman",Performance Evaluation of SDN Architecture Through D-ITG Platform for Distributed Controller over Single Controller,Performance,Emulation,Mininet,D-ITG,Network Performance Traffic,UDP,1,Constant,POX,Linear;Tree;Leaf-Spine;Spanning tree,5,5,1,6,6,1,0;0;1;0;0;0;0;0;0,";;Average delay with 1-3 controllers,Average jitter with 1-3 controllers,Average Bit Rate with 1-3 controllers;;;;;;",OF1.0,0,0,0,1,0,0,0,1,1,1,1,0,1,0,0,0,0,1,0,1,1,1,0,,,,
"Mohammad,Hussein M.;Abdullah,Alharith A.",DDoS attack mitigation using entropy in SDN-IoT environment,Performance;Security,Emulation,Mininet,TCPReplay;Hping3;Scapy,Network Performance Traffic,TCP,1,Constant,Floodlight;Ryu,Tree,7,7,1,12,12,2,0;0;1;1;0;0;0;0;0,";;Throughput,Loss rate,PDR;Throughput,Loss rate,PDR under attack;;;;;;",OF1.3,1,0,0,1,0,0,1,0,1,1,0,0,0,0,1,0,0,0,0,0,1,0,0,Packet flooding,,Entropy,
"Dhanya,Raj P.;Anitha,V. S.",Implementation and Performance Evaluation of Load Balanced Routing in SDN based Fat Tree Data Center,Performance,Emulation,Mininet,Iperf,Data Center Traffic,TCP,3,Variable,Ryu,Fat-tree,20,20,2,16,16,2,0;0;0;0;1;1;0;0;0,";;;;Average Network Throughput with SPR Routing,Link utilization with SPR Routing,Packet dropped with SPR Algorithm;Average Network Throughput with ECMP Algorithm,Link utilization with ECMP Algorithm,Packet Dropped with ECMP Algorithm;;;",OF1.3,1,0,0,1,0,0,1,1,1,1,1,0,1,0,1,0,0,1,0,1,0,0,1,,,,Best traffic pattern strategy so far
"Wright,Andrea P.;Ghani,Nasir",A Testbed for the Evaluation of Denial of Service Attacks in Software-Defined Networks,Performance;Security,Real Testbed,Not Apply,Hping3,Network Performance Traffic,TCP,2,Variable,Floodlight,Mesh,5,5,1,2,2,1,1;0;0;0;0;0;0;0;0,"CPU Utilization under attack,Memory Utilization under attack;;;;;;;;",OF1.3,0,0,0,1,0,0,1,1,1,1,1,0,0,0,0,0,0,0,0,1,0,1,1,Packet flooding,,,
"Galeano-Brajones,Jesus;Cortes-Polo,David;Valenzuela-Valdes,Juan F.;Mora,Antonio M.;Carmona-Murillo,Javier",Detection and mitigation of DoS attacks in SDN. An experimental approach,Performance;Security,Emulation,Mininet,Hping3;Realistic Trace,IoT Traffic;Internet backbone traffic,UDP;MQTT;SSH;FTP;HTTP,1,Variable,Ryu,Star,1,1,1,8,8,1,0;0;1;1;0;0;0;0;0,;;Throughput under attack;Entropy variation during attack;;;;;,OF1.3,0,0,0,1,0,0,1,1,1,1,1,0,0,0,1,0,0,1,0,1,0,1,1,UDP Flooding,,Entropy,
"Al-Junaid,M A H.;Bin Mohd Warip,Mohd Nazri;Badlishah Ahmad,R;Mat Safar,Anuar;Zunaidi,I;Khairunizam,Wan;Razlan,Z M;Shahriman,A B",Software Defined Networks Security: Link Failure Analysis in SDN,Dependability;Performance,Emulation,Mininet,Ping,Network Performance Traffic,ICMP,1,Constant,Ryu,3-Tier,3,20,2,16,16,2,1;0;1;0;0;0;1;0;0,"Bandwidth with aggregation sw failure,Bandwidth with core sw failure;;Throughput with no failures;;;;Throughput with 1-3 aggregation switch down,Throughput with 1-2 core switch down,PDR with 1-3 aggregation switch down,PDR with 1-2 core switch down;;",OF1.3,0,0,0,1,0,0,1,1,1,1,1,0,0,0,0,0,0,1,0,1,0,0,0,,Aggregation Switch failure;Core Switch failure,,
"Abidin,Nurul Zaenal;Fiade,Andrew;Arini;Aripiyanto,Saepul;Nuryasin;Handayani,Velia",Performance Analysis of POX and RyuController on Software Defined Network with Spanning Tree Protocol,Performance,Emulation,Mininet,D-ITG,Network Performance Traffic,TCP,2,Variable,POX;Ryu,Mesh,4,4,1,8,8,1,0;0;1;0;0;0;0;0;0,";;Throughput,Packet loss,Jitter,Delay;;;;;;",OF1.3;OF1.0,0,0,0,1,0,0,1,1,1,1,1,0,0,0,1,0,0,0,0,0,0,0,1,,,,
"Ahmed,Saba Bashir;Mohamed,Yasir Abdelgadir",An Approach for Software-Defined Networks Security,Performance;Security,Emulation,Mininet,Iperf,Network Performance Traffic,TCP;UDP,3,Constant,Floodlight,Tree,4,4,1,9,9,1,0;0;1;0;0;0;0;0;0,";;Throughput with firewall,Throughput without firewall,Jitter with firewall,Throughput without firewall;;;;;;",OF1.3,1,0,0,1,0,0,0,1,1,0,0,0,0,0,1,0,0,1,0,1,0,0,1,,,,
"Cabarkapa,Danijel;Rancic,Dejan",Software-Defined Networking: The Impact of Scalability on Controller Performance,Performance;Scalability,Emulation,Mininet,Iperf;D-ITG,Network Performance Traffic,TCP;UDP,3,Variable,Ryu,Leaf-Spine,6,45,2,8,450,3,0;0;1;0;0;0;0;0;0,";;Throughput for Multi-controller,Throughput for single-controller,Delay with increasing packets/sec,Delay with increasing topology;;;;;;",OF1.3,0,0,0,1,0,0,1,1,1,0,1,0,1,0,0,0,0,1,0,1,0,0,1,,,,
"Arifwidodo,Bongga;Oktavian,Donny Arief;Ginting,Jafaruddin Gusti Amri",The Performance Analysis of Hybrid SDN–IP Reactive Routing on ONOS Controller in Tree Topologies,Performance,Emulation,GNS3,Iperf,Network Performance Traffic,TCP,1,Variable,ONOS,Tree,8,8,1,4,4,1,0;0;1;0;0;0;0;0;0,";;Throughput IP to SDN,Throughput IP to IP,Delay IP to IP,Delay IP to SDN;;;;;;",OF1.3,0,0,0,1,0,0,1,1,1,1,1,0,0,0,0,1,0,1,0,1,1,1,1,,,,
"Oikonomou,Nikolaos V.;Margariti,Spiridoula V.;Stergiou,Eleftherios;Liarokapis,Dimitrios",Performance Evaluation of Software-Defined Networking Implemented on Various Network Topologies,Performance;Scalability,Emulation,Mininet,WinSCP,File Transfer,FTP,3,Constant,POX,Linear;Tree;Mesh,2,128,3,4,4096,3,1;1;1;0;0;0;0;0;0,"Bandwidth for each node number (sw+hosts) and topology,CPU Usage for each node number and topology,Memory for each node number and topology;Setup time for each topology,tear time for each topology;Latency for each topology;;;;;;",OF1.0,0,0,0,1,0,0,1,1,1,1,1,0,1,0,0,0,0,1,0,0,0,0,1,,,,
"Ndlovu,Sizolwethu;Mudali,Pragasen;Oki,Olukayode A.",Evaluating the Energy Efficiency of Software Defined Networking Controllers for Different Topologies,Energy Efficiency,Emulation,Mininet,Cbench,Network Performance Traffic,TCP,3,Variable,POX;Ryu;Beacon;Floodlight;ODL,Linear;Torus;Tree,9,16,2,16,16,2,1;0;0;0;0;0;0;0;0,Energy Consumption of controller for each topology;;;;;;;;,OF1.3;OF1.0,0,0,0,1,0,0,1,1,1,1,1,0,0,0,0,0,0,0,0,0,0,1,1,,,,
"Klosowski,Eduardo Augusto;Fiorese,Adriano",FAEController: A Relative Efficiency Evaluation Framework of SDN Controllers,Performance,MCDM,Not Apply,Not Apply,Not Apply,Not Apply,1,Not Apply,POX;Ryu;Trema;Floodlight,,0,0,1,0,0,1,0;0;0;0;0;0;0;0;0,;;;;;;;;,OF1.3;OF1.0,0,0,0,0,0,0,0,0,0,0,0,0,0,0,0,0,0,0,0,0,0,0,0,,,,DEA
"Iushchenko,Maksim;Shuvalov,Vyacheslav;Zelentsov,Boris",Modeling the Software Dependability For a SDN/NFV Controller,Dependability,Modelling,Not Apply,Not Apply,Not Apply,Not Apply,1,Not Apply,Not Apply,Not Apply,0,0,1,0,0,1,0;0;0;0;0;0;1;0;0,";;;;;;Dependence of unavailability factor on the check period parameter,Dependence of unavailability factor on the testing time parameter;;",Not apply,0,0,0,0,0,0,0,0,0,0,0,0,0,0,0,0,0,0,0,0,0,0,0,,Software failures;Hardware failures,,
"Yahya,Estabrak B.;Al-Somaidai,Mohammed B.",Network parameters effects on system resources in software defined networks,Performance,Emulation,Mininet,Topology discovery,Topology discovery messages,LLDP,3,Variable,NOX;OVS;Ryu;ODL,Mesh;Tree;Linear;Single,3,25,2,30,30,2,1;1;0;0;0;0;0;0;0,"Average CPU utilization during setup time for different topologies and different switch OS,Average Memory consumption during setup time for different topologies and different switch OS;Setup time for different topologies,Teardown time for different topologies;;;;;;;",OF1.3,0,0,0,1,0,1,1,1,1,1,1,0,0,0,0,0,0,1,0,0,0,1,0,,,,
Virakwan Hai Kelian;Mohd Nazri Mohd Warip;R. Badlishah Ahmad;Phaklen Ehkan;Fazrul Faiz Zakaria;Mohd Zaizu Ilyas,Toward Adaptive and Scalable Topology in Distributed SDN Controller,Performance,Emulation,Mininet,Iperf,Network Performance Traffic,TCP,2,Variable,ODL,Linear;Tree,6,6,1,6,6,1,1;0;1;0;0;0;0;0;0,"Aggregated bandwidth;;Throughput,Packet loss,delay;;;;;;",OF1.3,0,0,0,1,0,0,0,1,0,0,1,0,1,0,0,0,0,1,0,0,0,0,1,,,,
Ayotuyi T. Akinola;Matthew O. Adigun;Pragasen Mudali,Performance Modeling of Software-Defined Networking Paradigm in a Public Health Management System,Dependability,Modelling,OMNet++,JMeter,Public Health Patient Requests,Not mentioned,1,Variable,Modelled distributed controller,Leaf-spine,12,12,2,8,8,1,1;0;1;0;1;0;1;0;0,"Aggregated bandwidth;;Waiting time against rate of Server Utilization;;Response Time,Throughput;;SDN and OSPF-Based Network Convergence Comparison;;Increasing Network Sizes vs. rate of Switch Failure,Increasing Network Sizes vs. rate of Link Failures,Network Availability per Client Service;;",Not apply,0,0,0,1,0,0,1,1,1,1,1,0,1,1,0,0,0,1,0,1,0,1,1,,Switch failures;Link failures,,
"Yuniarto,Rakhmat;Sari,Riri Fitri",Performance Analysis of Multipath Deployment in Software-Defined Wide Area Network (SDWAN),Performance,Emulation,Mininet,Iperf,Network Performance Traffic,TCP,1,Variable,Ryu,Mesh,4,4,1,4,4,1,0;0;1;0;0;0;0;0;0,";;Throughput in branch office for single link,Throughput in branch office for multiple link,Jitter with/without link monitor,Packet loss with/without link monitor;;;;;;",OF1.3,1,0,0,1,0,0,1,1,1,1,1,0,0,0,1,0,0,1,0,1,0,1,1,,,,
"Chagas,Silvana;Lopes,Nuno;Portela,Irene",Performance Evaluation of Host Scalability in Software Defined Networks,Performance,Emulation,Mininet,Iperf,Network Performance Traffic,TCP;UDP,3,Variable,Not mentioned,Linear,8,8,1,2,100,3,1;0;1;0;0;0;0;0;0,"Bandwidth;;Jitter for UDP,Packet Lost for UDP,Throughput for UDP,Jitter for TCP,Packet Lost for TCP,Throughput for TCP;;;;;;",Not apply,0,0,0,1,0,0,1,1,1,1,1,1,0,0,0,0,0,1,0,1,0,1,1,,,,
"Alrammahi,Maghrib Abidalreda Maky;Bhaya,Wesam S.",Performance Analysis for Load Balancing Algorithms using POX Controller in SDN,Performance,Emulation,Mininet,Not mentioned,Client Requests,Not mentioned,3,Variable,POX,Tree,1,1,1,6,6,1,0;0;1;0;0;1;0;0;0,;;time to attend request between four LB algorithms;;;Workload distribution between servers for each LB algorithm. Degree of load balancing between four LB algorithms;;;,OF1.0,1,0,0,1,0,0,1,1,1,1,1,1,0,0,1,0,0,1,0,0,0,0,1,,,,
"Vizarreta,Petra;Sieber,Christian;Blenk,Andreas;Van Bemten,Amaury;Ramachandra,Vinod;Kellerer,Wolfgang;Mas-Machuca,Carmen;Trivedi,Kishor",ARES: A Framework for Management of Aging and Rejuvenation in Softwarized Networks,Reliability,Emulation,Mininet,TestON,Intent installation and withdrawal,Not mentioned,3,Variable,ONOS;ODL,Linear,7,7,1,0,0,1,1;0;0;0;0;0;0;0;1,"Memory utilization during 12hs of ininterrupt experiment,Memory utilization during 12hrs with 4hs scheduled rejuvenation;;;;;;;;Response time of intent install/withdrawal without rejuvenation,Response time of intent install/withdrawal with rejuvenation",OF1.3,1,0,0,1,0,1,1,1,1,1,1,1,0,0,0,0,0,1,0,1,1,1,1,,Memory leak;Controller shutdown,,
"Rathnamalala,Damitha Bandara;Milan,Hiriyamulla Withanage Pubudu;Dilshani,Karunanayaka Liyanage Inosha;Jayatunga,Eranda Harshanath",Fully Integrated Software-Defined Networking (SDN) Testbed Using Open-Source Platforms,Performance,Emulation,Mininet,Iperf;Ping,Network Performance Traffic,TCP;ICMP,2,Constant,ONOS;ODL;Ryu,Tree,4,36,2,9,81,3,0;0;1;0;0;0;0;0;0,;;Throughput for 3 topology sizes;;;;;;,OF1.3,1,0,0,1,0,1,1,0,1,0,1,0,0,1,1,0,0,1,0,0,1,0,0,,,,
"Khedr,Walid I.;Gouda,Ameer E.;Mohamed,Ehab R.","P4-HLDMC: A Novel Framework for DDoS and ARP Attack Detection and Mitigation in SD-IoT Networks Using Machine Learning,Stateful P4,and Distributed Multi-Controller Architecture",Performance;Security,Emulation,Mininet,Hping3;Realistic Trace,Network Performance Traffic;IoT Traffic,TCP;ICMP;UDP;ARP;HTTP,1,Constant,ODL;Floodlight;Ryu;POX,Star;Leaf-spine,2,2,1,10,10,1,1;0;1;1;0;0;0;0;0,"CPU consumption,memory consumption,packets processed per second;;Network latency,Throughput,Delay,Packet loss;Accuracy,Precision,F1-Score,Recall,True negative rate,Negative predictive value,False positive rate,False discovery rate,False negative rate,Matthews Correlation Coefficient,Area under the curve,Average detection time,Attack mitigation effectiveness;;;;;",P4,1,0,0,1,0,1,1,1,1,1,1,0,1,1,1,0,0,1,0,1,0,1,1,TCP Flooding;UDP Flooding;ICMP Flooding;HTTP Flooding;ARP Spoof;ARP Poison,,Support Vector Machine (SVM;k-Nearest Neighbor (kNN);Gaussian Naive Bayes (GNB);Binomial Logistic Regression (BLR);Decision Tree (DT);Random Forest (RF);Modified Ensemble Voting (MEV),
"Gebremeskel,Tewelde Gebremedhin;Gemeda,Ketema Adere;Krishna,T. Gopi;Ramulu,Perumalla Janaki;Cai,Weiwei",DDoS Attack Detection and Classification Using Hybrid Model for Multicontroller SDN,Security,Emulation,Mininet,Realistic trace,Internet backbone traffic,TCP;UDP,3,Variable,POX,Single,2,2,1,16,16,2,0;0;0;1;0;0;0;0;0,";;;Precision,Recall,F1=Score,Accuracy;;;;;",OF1.0,1,0,0,1,0,0,1,1,1,1,1,1,0,1,1,0,0,1,0,1,0,0,1,LDAP Flooding;UDP Flooding;SYN Flooding;UDP lag;WebDDoS,,RNN;GRU;MLP;LSTM,
"Shona,M;Sharma,Rinki",Implementation and Comparative Analysis of Static and Dynamic Load Balancing Algorithms in SDN,Performance,Emulation,Mininet,Iperf,Network Performance Traffic,TCP;UDP,1,Variable,Ryu,Single,1,1,1,6,6,1,0;0;1;0;0;1;0;0;0,";;Throughput for 5 different Load Balancing Algorithms,Packet Data Ratio for 5 different Load Balancing Algorithms,Packet Loss for 5 different Load Balancing Algorithms,Latency for 5 different Load Balancing Algorithms;;;Performance comparison of static and dynamic load balancing;;;",OF1.3,1,0,0,1,0,0,1,1,1,1,1,0,0,0,1,0,0,1,0,1,0,0,1,,,,
"Sharma,Amrita;Verma,Gargi Shankar",Performance comparison of Ryuand floodlight SDN controller,Performance,Emulation,Mininet,Iperf,Network Performance Traffic,TCP;UDP,3,Constant,Ryu;Floodlight,Single;Linear;Tree;Fat-Tree,1,20,2,16,100,3,0;0;1;0;0;0;0;0;0,";;Throughput,Jitter,RTT;;;;;;",OF1.3,0,0,0,1,0,0,1,1,1,0,1,0,0,0,0,0,0,1,0,1,0,0,1,,,,
"Bhattacharyya,Arindam;P,Prakasam",Performance Evaluation of Various Topological Software Defined Networks Using Mininet Simulator and Pox Controller,Performance,Emulation,Mininet,Not mentioned,VoIP Traffic,TCP;UDP,2,Variable,POX,Tree;Bus;Star,1,100,3,8,100,3,0;0;1;0;0;0;0;0;0,";;Throughput for growing num nodes for 3 topologies,Jitter for growing num nodes for 3 topologies,Loss for growing num nodes for 3 topologies;;;",OF1.0,0,0,0,1,0,0,1,1,1,0,1,0,0,0,0,0,0,1,0,0,0,0,1,,,,
"Sumadi,Fauzi Dwi Setiawan;Saputra,Jurdan Wahyu Adi;Faiqurahman,Mahar",Analysis of failover mechanism in SDN,Dependability,Emulation,Mininet,Iperf,Network Performance Traffic,UDP,1,Constant,Ryu;POX;ODL,Linear,3,3,1,6,6,1,0;0;1;0;0;0;1;0;0,";;Throughput,Jitter,Packet Loss;;;;Average time of failover,Average time of failback;;",OF1.3;OF1.0,1,0,0,1,0,0,1,0,1,0,1,0,0,1,1,0,0,0,0,0,1,1,0,,Controller failures,,
"Alzarog,Jellalah;Almhishi,Abdalwart;Alsunousi,Abubaker;Abulifa,Tareg Abubaker;Eltarjaman,Wisam;Sati,Salem Omar",POX Controller Evaluation Based On Tree Topology For Data Centers,Performance;Scalability,Emulation,Mininet,Iperf;Ping,Network Performance Traffic,TCP;ICMP,1,Variable,POX;Ryu,Fat-Tree,7,7,1,8,256,3,1;0;1;0;1;0;0;0;0,Overhead of messages;;Throughput for 3 topology sizes;;Convergence time;;;;,OF1.3;OF1.0,0,0,0,1,0,0,1,1,1,0,1,0,0,0,0,0,0,0,0,0,0,0,1,,,,
"Tivig,Pantelimon- Teodor;Borcoci,Eugen;Vochin,Marius",Performance Assessments for SDN Control Plane into Distinct Network Topologies,Performance;Scalability,Emulation,Mininet,Iperf,Network Performance Traffic,TCP,3,Variable,Ryu,Tree;Fat-Tree,6,6,1,200,2000,3,0;0;1;0;0;0;0;0;0,;;Throughput for two topologies varying number of nodes;;;;;;,OF1.3,0,0,0,1,0,0,1,1,1,0,1,0,0,0,0,0,0,1,0,1,0,0,1,,,,
"Thanh,Nguyen Huu;Tuan,Nguyen Ngoc;Khoa,Dang Anh;Tuan,Le Cong;Kien,Nguyen Trung;Dung,Nguyen Xuan;Thu,Ngo Quynh;Wamser,Florian","On Profiling,Benchmarking and Behavioral Analysis of SDN Architecture Under DDoS Attacks",Performance;Security,Real Testbed,Not Apply,TCPReplay;Bonesi,Internet backbone traffic,TCP;ICMP;UDP,2,Variable,POX;Ryu;Floodlight,Single,1,1,1,50,50,2,1;0;1;0;0;0;0;0;1,"Peak CPU Utilization,Peak Memory utilization,Network behaviours in case of limited TCAM space under ICMP attack,HP Aruba 2920 Switch behaviour under ICMP attacks,Effect of congested controller–switch link on latency in data plane;;TCP Received Window Size of SDN Controllers during ICMP Attack ;;;;;;Cumulative number of incoming/outcoming flows at controller varying packet rate and attack type,incoming/outgoing flows per second varying packet rate and attack type,flow table size,flow processing delay,latency in controller varying packet rate and attack type,latency in switch varying packet rate,incoming/outgoing traffic at switch varying traffic rate",OF1.3;OF1.0,0,0,0,1,1,1,1,1,1,1,1,1,0,1,0,0,1,0,0,1,1,1,1,SYN Flooding;ICMP Flooding,,,
"Kebie,Belayneh Teshome;Bitew,Mekuanint Agegnehu;Taye,Yesuneh Getachew",Performance Analysis of SDN with a Hybrid Data Plane of MPLS and SDN,Performance,Emulation,Mininet;GNS3,Not mentioned,Not mentioned,TCP;UDP;ICMP,3,Constant,POX,Linear,8,8,1,2,2,1,1;0;1;0;0;0;0;0;0,"Bandwidth for MPLS with SDN and Formal SDN;;Throughput by varying link delay and queue size,Jitter varying link delay and size of data for SDN with MPLS and Formal SDN;;;;;;",OF1.0,0,0,0,1,0,0,1,0,1,1,1,0,0,0,0,0,0,1,0,0,0,0,1,,,,
"Deng,Shuhua;Qing,Xian;Li,Xiaofan;Gao,Xing;Gao,Xieping",SDN Application Backdoor: Disrupting the Service via Poisoning the Topology,Performance;Security,Real Testbed,Not Apply,Author's implementation,Web,TCP;LLDP,3,Constant,Floodlight,Tree,6,6,1,3,3,1,1;0;1;1;0;0;0;0;1,"CPU Usage during attack;Link removal attack on topology,Archipelago division attack on topology,Topology freezing;Delay on link removal;Webpage hijacking,Host falsification;;;;;OpenFlow messages during attack",OF1.3,1,0,0,1,0,1,1,1,1,1,1,0,1,0,1,0,0,1,0,0,0,1,1,Traffic hijacking attack;Host location fabrication;Link removal attack;Link fabrication attack;Archipelago division attack;Topology freezing attack,,,
"Rahman,Hafiz Mati Ur;Bahoo,Ghulam;Zafar,Lamees;Al-Oqily,Ibrahim;Khattak,Hasan Ali;Ahmad,Arsalan",Empirical Performance Evaluation of Open Source SDN Controllers in different Network Topologies,Performance,Emulation,Mininet;Cbench,Cbench;Ping,Network Performance Traffic,TCP;ICMP,2,Variable,NOX;POX;Ryu,Star;Linear;Tree,1,4,1,4,4,1,0;0;1;0;0;0;0;0;1,";;Throughput by varying topology and protocol (udp/tcp) and num switches,Jitter by varying topology  and num switches,RTT by varying topology and num switches,Initial ping delay by varying topology and num switches;;;;;;Flow setup latency by varying num switches,Flow setup throughput by varying num switches",OF1.3;OF1.0,0,0,0,1,0,1,1,1,1,1,1,0,0,0,0,0,0,0,0,1,1,1,1,,,,
"Mehr,Shideh Yavary;Ramamurthy,Byrav",Hierarchical Classic Controllers (HCC) with an Enhanced SVM Method for DDoS Attack Detection in SDN,Performance;Security,Simulation,Not mentioned,Realistic trace,Not Apply,TCP,3,Variable,ONOS,Tree,5,5,1,10,10,1,0;0;1;0;0;0;0;0;0,";;Average response time for each detection strategy varying num of hosts and num of controllers,Packet loss rate under attack varying detection strategy and num of controllers;;;;;;",OF1.3,1,0,0,1,0,0,1,0,1,1,1,0,1,0,1,0,0,1,0,0,0,0,1,TCP Flooding,,HCC+SVM;HCC+Entropy;HCC+SVM+Entropy,
"Kaur,S.;Kumar,K.;Aggarwal,N.",SECURITY THREATS ON DATA-CONTROL PLANE COMMUNICATION CHANNEL IN SDN,Performance;Security,Emulation,GNS3,Ping,DNS Requests,ICMP,1,Variable,Ryu,Linear,2,2,1,2,2,1,0;0;0;1;0;0;0;0;0,";;;breakdown of data-control plane communication channel,flow table modification attack;;;;;",OF1.3,1,0,0,1,0,1,1,0,1,1,0,0,0,0,1,0,0,1,0,0,0,0,0,ARP Spoofing;MITM,,,
"Faculty of Computer Science and Information Technology,Universiti Putra Malaysia,Seri Kembangan,Malaysia;Et Al.,Linsheng",The performance effect due to varying network topologies on a software defined network employing the k-shortest path,Security,Emulation,Mininet,TCPReplay,Internet backbone traffic,TCP;UDP,3,Variable,Floodlight,Linear,3,3,1,6,6,1,0;0;0;1;0;0;0;0;0,;;;Accuracy of 7 classification methods;;;;;,OF1.3,1,0,0,1,0,0,1,0,1,1,1,0,0,0,1,0,0,1,0,1,0,0,1,TCP Flooding,,Proposed;LR;RF;DT;SVM;NN;Naive Bayes,
"Elham,Mohammad Naim;Sam,Suriani Mohd;Azizan,Azizul;Yusof,Yusnaidi Md;Mohamed,Norliza;Ahmad,Norulhusna",Performance Evaluation of SDN-Enabled Switching System For IoT Infrastructure,Performance,Real Testbed,Not Apply,Iperf,Network Performance Traffic,Not apply,1,Variable,Ryu,Leaf-spine,1,1,1,3,96,3,0;0;1;0;0;0;0;0;0,";;;Delay,Packet Loss,jitter,Throughput,Throughput per node,Total throughput;;;;;",OF1.3,0,0,0,1,0,0,1,1,1,1,1,0,1,0,0,0,0,1,0,1,0,1,1,,,,
"Ramadhan,Rafli;Armi,Nasrullah;Magdalena,Rita;Nurkahfi,Galih Nugraha;Dinata,Mochamad Mardi Marta",QoS Performance of Software Define Network Using Open Network Operating System Controller,Performance,Emulation,Mininet,Ping,Network Performance Traffic,TCP,1,Constant,ONOS,Ring;Linear,10,10,1,20,20,2,0;0;1;0;0;0;0;0;0,";;;Delay,Packet Loss,jitter,Throughput;;;;;",OF1.3,0,0,0,1,0,0,1,1,1,0,0,0,0,0,0,0,0,1,0,0,0,1,0,,,,
"Hamad,Diyar Jamal;Yalda,Khirota Gorgees;Țăpuș,Nicolae",Performance Assessment of QoS metrics in Software Defined Networking using Floodlight Controller,Performance,Emulation,Mininet,Iperf,Network Performance Traffic,UDP,3,Constant,Floodlight,Mesh,15,15,2,16,16,2,0;0;0;0;0;0;0;0;1,";;;;;;;;Packet rate in flow table per switch,Byte count in Meter table per switch",OF1.3,0,0,0,1,0,1,1,1,1,1,1,0,0,0,0,0,0,1,0,0,0,0,1,,,,
"Harkous,Hasanin;Sherkawi,Khaled;Jarschel,Michael;Pries,Rastin;He,Mu;Kellerer,Wolfgang",P4RCProbe for Evaluating the Performance of P4Runtime-based Controllers,Performance,Emulation,P4RCProbe,P4RCProbe,Network Performance Traffic,OF;P4,3,Variable,ONOS,Single,1,50,2,0,0,1,1;0;0;0;0;0;0;0;1,"Core utilization varying pps and num switches for OF and P4;;;;;;;;Packet rate varying pps and num switches for OF and P4,RTT varying pps and num switches for OF and P4,packet_in without answer varying num switches over time for P4",OF1.3;P4,0,0,0,1,1,1,1,1,1,1,1,0,0,1,0,0,0,0,1,1,1,1,1,,,,Propose tool